eod,qid,open_price,high_price,low_price,ask,bid,settlement_price,last_traded_price,currency_code,volume,open_interest,expiration_date,symbol,rem_maturity
2022-09-26,54,2225.0,2281.0,2192.0,2212.0,2210.0,2243.0,2210.0,USD,36427.0,146417.0,2022-12-14,CCZ2,79 days
2022-09-27,54,2252.0,2290.0,2241.0,2278.0,2274.0,2286.0,2275.0,USD,24907.0,145585.0,2022-12-14,CCZ2,78 days
2022-09-28,54,2270.0,2308.0,2248.0,2290.0,2288.0,2282.0,2287.0,USD,22823.0,145624.0,2022-12-14,CCZ2,77 days
2022-09-29,54,2300.0,2333.0,2299.0,2330.0,2329.0,2327.0,2329.0,USD,24438.0,143520.0,2022-12-14,CCZ2,76 days
2022-09-30,54,2340.0,2375.0,2330.0,2345.0,2342.0,2354.0,2342.0,USD,29000.0,141235.0,2022-12-14,CCZ2,75 days
2022-10-03,54,2358.0,2377.0,2321.0,2322.0,2320.0,2337.0,2321.0,USD,30032.0,138539.0,2022-12-14,CCZ2,72 days
2022-10-04,54,2334.0,2382.0,2325.0,2371.0,2370.0,2360.0,2371.0,USD,31025.0,138145.0,2022-12-14,CCZ2,71 days
2022-10-05,54,2368.0,2403.0,2364.0,2392.0,2391.0,2392.0,2392.0,USD,36060.0,134690.0,2022-12-14,CCZ2,70 days
2022-10-06,54,2402.0,2422.0,2367.0,2378.0,2376.0,2373.0,2377.0,USD,33720.0,128824.0,2022-12-14,CCZ2,69 days
2022-10-07,54,2390.0,2405.0,2373.0,2398.0,2395.0,2396.0,2398.0,USD,22395.0,125791.0,2022-12-14,CCZ2,68 days
2022-10-10,54,2395.0,2412.0,2356.0,2360.0,2359.0,2358.0,2359.0,USD,23849.0,121243.0,2022-12-14,CCZ2,65 days
2022-10-11,54,2353.0,2388.0,2342.0,2352.0,2350.0,2347.0,2350.0,USD,23896.0,119252.0,2022-12-14,CCZ2,64 days
2022-10-12,54,2349.0,2362.0,2312.0,2317.0,2316.0,2318.0,2316.0,USD,23697.0,117498.0,2022-12-14,CCZ2,63 days
2022-10-13,54,2316.0,2388.0,2309.0,2382.0,2379.0,2385.0,2379.0,USD,31660.0,118213.0,2022-12-14,CCZ2,62 days
2022-10-14,54,2388.0,2407.0,2371.0,2373.0,2372.0,2377.0,2371.0,USD,26338.0,115628.0,2022-12-14,CCZ2,61 days
2022-10-17,54,2366.0,2395.0,2322.0,2333.0,2331.0,2340.0,2331.0,USD,33767.0,113848.0,2022-12-14,CCZ2,58 days
2022-10-18,54,2338.0,2343.0,2303.0,2311.0,2309.0,2305.0,2310.0,USD,27372.0,112354.0,2022-12-14,CCZ2,57 days
2022-10-19,54,2304.0,2313.0,2275.0,2297.0,2295.0,2308.0,2297.0,USD,28388.0,115186.0,2022-12-14,CCZ2,56 days
2022-10-20,54,2305.0,2333.0,2300.0,2317.0,2315.0,2328.0,2315.0,USD,18246.0,113802.0,2022-12-14,CCZ2,55 days
2022-10-21,54,2308.0,2319.0,2287.0,2304.0,2302.0,2306.0,2301.0,USD,17004.0,114246.0,2022-12-14,CCZ2,54 days
2022-10-24,54,2320.0,2348.0,2317.0,2320.0,2319.0,2337.0,2319.0,USD,21134.0,113376.0,2022-12-14,CCZ2,51 days
2022-10-25,54,2323.0,2328.0,2279.0,2293.0,2291.0,2296.0,2290.0,USD,28507.0,114414.0,2022-12-14,CCZ2,50 days
2022-10-26,54,2295.0,2321.0,2275.0,2281.0,2279.0,2278.0,2280.0,USD,25370.0,115322.0,2022-12-14,CCZ2,49 days
2022-10-27,54,2284.0,2324.0,2279.0,2319.0,2318.0,2314.0,2319.0,USD,22134.0,113766.0,2022-12-14,CCZ2,48 days
2022-10-28,54,2303.0,2330.0,2287.0,2305.0,2303.0,2302.0,2304.0,USD,24582.0,112161.0,2022-12-14,CCZ2,47 days
2022-10-31,54,2297.0,2355.0,2295.0,2327.0,2325.0,2335.0,2325.0,USD,27986.0,115319.0,2022-12-14,CCZ2,44 days
2022-11-01,54,2339.0,2354.0,2317.0,2352.0,2351.0,2348.0,2352.0,USD,24453.0,108258.0,2022-12-14,CCZ2,43 days
2022-11-02,54,2355.0,2390.0,2353.0,2388.0,2386.0,2379.0,2388.0,USD,30594.0,104120.0,2022-12-14,CCZ2,42 days
2022-11-03,1455,2369.0,2379.0,2355.0,2367.0,2365.0,2372.0,2365.0,USD,22135.0,101498.0,2023-03-16,CCH3,133 days
2022-11-04,1455,2380.0,2452.0,2377.0,2427.0,2426.0,2430.0,2428.0,USD,36089.0,107625.0,2023-03-16,CCH3,132 days
2022-11-07,1455,2430.0,2505.0,2430.0,2503.0,2501.0,2486.0,2501.0,USD,79549.0,117995.0,2023-03-16,CCH3,129 days
2022-11-08,1455,2496.0,2526.0,2479.0,2522.0,2519.0,2524.0,2523.0,USD,56537.0,117645.0,2023-03-16,CCH3,128 days
2022-11-09,1455,2507.0,2539.0,2500.0,2532.0,2530.0,2530.0,2529.0,USD,45518.0,114713.0,2023-03-16,CCH3,127 days
2022-11-10,1455,2530.0,2567.0,2516.0,2565.0,2563.0,2555.0,2563.0,USD,30193.0,116038.0,2023-03-16,CCH3,126 days
2022-11-11,1455,2564.0,2577.0,2510.0,2522.0,2518.0,2518.0,2518.0,USD,29737.0,118567.0,2023-03-16,CCH3,125 days
2022-11-14,1455,2500.0,2515.0,2488.0,2498.0,2494.0,2498.0,2495.0,USD,32088.0,121429.0,2023-03-16,CCH3,122 days
2022-11-15,1455,2501.0,2558.0,2495.0,2500.0,2499.0,2498.0,2500.0,USD,31115.0,118249.0,2023-03-16,CCH3,121 days
2022-11-16,1455,2490.0,2515.0,2477.0,2510.0,2507.0,2502.0,2507.0,USD,22790.0,117826.0,2023-03-16,CCH3,120 days
2022-11-17,1455,2498.0,2500.0,2442.0,2451.0,2449.0,2447.0,2449.0,USD,34579.0,121420.0,2023-03-16,CCH3,119 days
2022-11-18,1455,2460.0,2473.0,2432.0,2464.0,2462.0,2456.0,2462.0,USD,29250.0,121800.0,2023-03-16,CCH3,118 days
2022-11-21,1455,2449.0,2464.0,2425.0,2447.0,2445.0,2453.0,2447.0,USD,25318.0,120617.0,2023-03-16,CCH3,115 days
2022-11-22,1455,2467.0,2477.0,2437.0,2440.0,2437.0,2455.0,2437.0,USD,20850.0,120922.0,2023-03-16,CCH3,114 days
2022-11-23,1455,2440.0,2465.0,2419.0,2437.0,2434.0,2444.0,2434.0,USD,21868.0,122863.0,2023-03-16,CCH3,113 days
2022-11-25,1455,2445.0,2489.0,2445.0,2477.0,2471.0,2484.0,2471.0,USD,14783.0,123289.0,2023-03-16,CCH3,111 days
2022-11-28,1455,2474.0,2494.0,2451.0,2484.0,2482.0,2485.0,2482.0,USD,14423.0,122620.0,2023-03-16,CCH3,108 days
2022-11-29,1455,2489.0,2506.0,2455.0,2469.0,2466.0,2480.0,2467.0,USD,21591.0,123911.0,2023-03-16,CCH3,107 days
2022-11-30,1455,2461.0,2502.0,2455.0,2498.0,2495.0,2498.0,2497.0,USD,20169.0,121098.0,2023-03-16,CCH3,106 days
2022-12-01,1455,2504.0,2542.0,2489.0,2530.0,2528.0,2519.0,2530.0,USD,25278.0,122449.0,2023-03-16,CCH3,105 days
2022-12-02,1455,2519.0,2541.0,2491.0,2540.0,2538.0,2536.0,2538.0,USD,19634.0,123878.0,2023-03-16,CCH3,104 days
2022-12-05,1455,2529.0,2539.0,2470.0,2475.0,2473.0,2479.0,2473.0,USD,21893.0,125079.0,2023-03-16,CCH3,101 days
2022-12-06,1455,2479.0,2509.0,2475.0,2489.0,2485.0,2487.0,2488.0,USD,17835.0,122576.0,2023-03-16,CCH3,100 days
2022-12-07,1455,2476.0,2509.0,2475.0,2504.0,2502.0,2492.0,2502.0,USD,15079.0,121968.0,2023-03-16,CCH3,99 days
2022-12-08,1455,2500.0,2552.0,2493.0,2550.0,2548.0,2542.0,2548.0,USD,18516.0,122459.0,2023-03-16,CCH3,98 days
2022-12-09,1455,2544.0,2570.0,2500.0,2506.0,2504.0,2504.0,2504.0,USD,25094.0,123835.0,2023-03-16,CCH3,97 days
2022-12-12,1455,2489.0,2512.0,2477.0,2506.0,2503.0,2502.0,2506.0,USD,18399.0,123769.0,2023-03-16,CCH3,94 days
2022-12-13,1455,2502.0,2557.0,2502.0,2525.0,2524.0,2541.0,2525.0,USD,25111.0,124175.0,2023-03-16,CCH3,93 days
2022-12-14,1455,2536.0,2541.0,2516.0,2537.0,2535.0,2524.0,2534.0,USD,16487.0,125797.0,2023-03-16,CCH3,92 days
2022-12-15,1455,2520.0,2544.0,2509.0,2520.0,2518.0,2517.0,2520.0,USD,15074.0,126047.0,2023-03-16,CCH3,91 days
2022-12-16,1455,2510.0,2517.0,2468.0,2470.0,2469.0,2475.0,2470.0,USD,22067.0,125913.0,2023-03-16,CCH3,90 days
2022-12-19,1455,2474.0,2519.0,2469.0,2496.0,2495.0,2499.0,2496.0,USD,17815.0,124382.0,2023-03-16,CCH3,87 days
2022-12-20,1455,2496.0,2532.0,2487.0,2498.0,2495.0,2498.0,2495.0,USD,19135.0,124145.0,2023-03-16,CCH3,86 days
2022-12-21,1455,2498.0,2537.0,2485.0,2536.0,2534.0,2529.0,2534.0,USD,18703.0,121575.0,2023-03-16,CCH3,85 days
2022-12-22,1455,2534.0,2626.0,2524.0,2624.0,2622.0,2606.0,2622.0,USD,36692.0,118933.0,2023-03-16,CCH3,84 days
2022-12-23,1455,2613.0,2651.0,2609.0,2638.0,2633.0,2628.0,2637.0,USD,26051.0,116574.0,2023-03-16,CCH3,83 days
2022-12-27,1455,2630.0,2662.0,2616.0,2639.0,2635.0,2633.0,2636.0,USD,16555.0,117918.0,2023-03-16,CCH3,79 days
2022-12-28,1455,2624.0,2671.0,2604.0,2619.0,2617.0,2621.0,2617.0,USD,20880.0,118229.0,2023-03-16,CCH3,78 days
2022-12-29,1455,2610.0,2614.0,2562.0,2572.0,2570.0,2578.0,2573.0,USD,19317.0,118805.0,2023-03-16,CCH3,77 days
2022-12-30,1455,2587.0,2606.0,2569.0,2594.0,2592.0,2600.0,2592.0,USD,14616.0,118428.0,2023-03-16,CCH3,76 days
2023-01-03,1455,2587.0,2594.0,2535.0,2568.0,2566.0,2572.0,2568.0,USD,24327.0,119623.0,2023-03-16,CCH3,72 days
2023-01-04,1455,2574.0,2614.0,2566.0,2607.0,2605.0,2603.0,2608.0,USD,16842.0,121174.0,2023-03-16,CCH3,71 days
2023-01-05,1455,2607.0,2640.0,2602.0,2621.0,2620.0,2617.0,2621.0,USD,21327.0,123561.0,2023-03-16,CCH3,70 days
2023-01-06,1455,2616.0,2618.0,2572.0,2607.0,2605.0,2605.0,2605.0,USD,20198.0,123268.0,2023-03-16,CCH3,69 days
2023-01-09,1455,2623.0,2699.0,2621.0,2686.0,2683.0,2690.0,2686.0,USD,30613.0,123613.0,2023-03-16,CCH3,66 days
2023-01-10,1455,2686.0,2686.0,2602.0,2606.0,2605.0,2604.0,2606.0,USD,32095.0,123781.0,2023-03-16,CCH3,65 days
2023-01-11,1455,2602.0,2641.0,2593.0,2639.0,2635.0,2633.0,2635.0,USD,19499.0,123875.0,2023-03-16,CCH3,64 days
2023-01-12,1455,2641.0,2665.0,2620.0,2644.0,2641.0,2640.0,2644.0,USD,15749.0,122405.0,2023-03-16,CCH3,63 days
2023-01-13,1455,2651.0,2669.0,2631.0,2656.0,2655.0,2651.0,2655.0,USD,16025.0,121502.0,2023-03-16,CCH3,62 days
2023-01-17,1455,2642.0,2675.0,2621.0,2648.0,2646.0,2641.0,2646.0,USD,23486.0,119313.0,2023-03-16,CCH3,58 days
2023-01-18,1455,2650.0,2665.0,2616.0,2620.0,2618.0,2620.0,2620.0,USD,19652.0,116284.0,2023-03-16,CCH3,57 days
2023-01-19,1455,2610.0,2616.0,2562.0,2567.0,2565.0,2570.0,2565.0,USD,29885.0,112790.0,2023-03-16,CCH3,56 days
2023-01-20,1455,2556.0,2576.0,2507.0,2574.0,2572.0,2569.0,2573.0,USD,43770.0,110455.0,2023-03-16,CCH3,55 days
2023-01-23,1455,2573.0,2626.0,2564.0,2605.0,2601.0,2608.0,2604.0,USD,25402.0,105163.0,2023-03-16,CCH3,52 days
2023-01-24,1455,2596.0,2615.0,2576.0,2594.0,2590.0,2585.0,2594.0,USD,17767.0,104628.0,2023-03-16,CCH3,51 days
2023-01-25,1455,2596.0,2614.0,2579.0,2583.0,2582.0,2592.0,2583.0,USD,16674.0,103889.0,2023-03-16,CCH3,50 days
2023-01-26,1455,2597.0,2645.0,2596.0,2627.0,2625.0,2629.0,2627.0,USD,18023.0,100870.0,2023-03-16,CCH3,49 days
2023-01-27,1455,2618.0,2640.0,2612.0,2622.0,2619.0,2627.0,2619.0,USD,14661.0,99539.0,2023-03-16,CCH3,48 days
2023-01-30,1455,2627.0,2656.0,2591.0,2620.0,2618.0,2611.0,2618.0,USD,22436.0,97523.0,2023-03-16,CCH3,45 days
2023-01-31,1455,2606.0,2607.0,2570.0,2578.0,2577.0,2581.0,2577.0,USD,26849.0,94036.0,2023-03-16,CCH3,44 days
2023-02-01,1455,2572.0,2630.0,2570.0,2575.0,2573.0,2592.0,2575.0,USD,25952.0,87499.0,2023-03-16,CCH3,43 days
2023-02-02,734,2635.0,2656.0,2631.0,2637.0,2635.0,2635.0,2636.0,USD,19557.0,84980.0,2023-05-15,CCK3,102 days
2023-02-03,734,2626.0,2632.0,2597.0,2613.0,2612.0,2621.0,2613.0,USD,26415.0,90044.0,2023-05-15,CCK3,101 days
2023-02-06,734,2613.0,2641.0,2602.0,2621.0,2618.0,2617.0,2621.0,USD,27681.0,93113.0,2023-05-15,CCK3,98 days
2023-02-07,734,2616.0,2626.0,2587.0,2613.0,2611.0,2614.0,2611.0,USD,47532.0,100495.0,2023-05-15,CCK3,97 days
2023-02-08,734,2616.0,2634.0,2609.0,2615.0,2613.0,2613.0,2613.0,USD,35498.0,105170.0,2023-05-15,CCK3,96 days
2023-02-09,734,2608.0,2640.0,2590.0,2614.0,2610.0,2618.0,2614.0,USD,35501.0,108132.0,2023-05-15,CCK3,95 days
2023-02-10,734,2613.0,2626.0,2576.0,2622.0,2620.0,2606.0,2622.0,USD,31893.0,107023.0,2023-05-15,CCK3,94 days
2023-02-13,734,2623.0,2667.0,2619.0,2663.0,2662.0,2657.0,2663.0,USD,37302.0,111863.0,2023-05-15,CCK3,91 days
2023-02-14,734,2662.0,2697.0,2646.0,2697.0,2696.0,2659.0,2696.0,USD,31604.0,114644.0,2023-05-15,CCK3,90 days
2023-02-15,734,2690.0,2765.0,2682.0,2735.0,2733.0,2732.0,2734.0,USD,53745.0,119290.0,2023-05-15,CCK3,89 days
2023-02-16,734,2745.0,2782.0,2717.0,2781.0,2780.0,2747.0,2780.0,USD,37502.0,119966.0,2023-05-15,CCK3,88 days
2023-02-17,734,2762.0,2798.0,2757.0,2778.0,2777.0,2771.0,2778.0,USD,33336.0,119991.0,2023-05-15,CCK3,87 days
2023-02-21,734,2784.0,2812.0,2764.0,2795.0,2794.0,2782.0,2794.0,USD,38787.0,124484.0,2023-05-15,CCK3,83 days
2023-02-22,734,2786.0,2799.0,2759.0,2777.0,2774.0,2779.0,2775.0,USD,24037.0,126795.0,2023-05-15,CCK3,82 days
2023-02-23,734,2767.0,2788.0,2746.0,2775.0,2773.0,2770.0,2775.0,USD,19696.0,130138.0,2023-05-15,CCK3,81 days
2023-02-24,734,2768.0,2778.0,2738.0,2744.0,2742.0,2748.0,2743.0,USD,18960.0,131771.0,2023-05-15,CCK3,80 days
2023-02-27,734,2743.0,2793.0,2735.0,2755.0,2754.0,2756.0,2754.0,USD,22647.0,134142.0,2023-05-15,CCK3,77 days
2023-02-28,734,2757.0,2804.0,2748.0,2800.0,2799.0,2789.0,2799.0,USD,21682.0,136651.0,2023-05-15,CCK3,76 days
2023-03-01,734,2798.0,2856.0,2787.0,2854.0,2852.0,2841.0,2853.0,USD,36941.0,137589.0,2023-05-15,CCK3,75 days
2023-03-02,734,2834.0,2841.0,2784.0,2788.0,2786.0,2790.0,2788.0,USD,27337.0,137828.0,2023-05-15,CCK3,74 days
2023-03-03,734,2790.0,2794.0,2757.0,2760.0,2759.0,2760.0,2760.0,USD,22538.0,139352.0,2023-05-15,CCK3,73 days
2023-03-06,734,2774.0,2804.0,2744.0,2788.0,2785.0,2791.0,2788.0,USD,21671.0,138148.0,2023-05-15,CCK3,70 days
2023-03-07,734,2789.0,2795.0,2739.0,2755.0,2754.0,2756.0,2753.0,USD,20582.0,138044.0,2023-05-15,CCK3,69 days
2023-03-08,734,2750.0,2763.0,2722.0,2731.0,2729.0,2729.0,2731.0,USD,19186.0,136380.0,2023-05-15,CCK3,68 days
2023-03-09,734,2728.0,2743.0,2719.0,2722.0,2721.0,2732.0,2722.0,USD,17494.0,136400.0,2023-05-15,CCK3,67 days
2023-03-10,734,2719.0,2727.0,2685.0,2700.0,2698.0,2704.0,2698.0,USD,26341.0,136382.0,2023-05-15,CCK3,66 days
2023-03-13,734,2696.0,2696.0,2639.0,2653.0,2650.0,2653.0,2652.0,USD,39169.0,138289.0,2023-05-15,CCK3,63 days
2023-03-14,734,2650.0,2671.0,2625.0,2659.0,2657.0,2658.0,2657.0,USD,41535.0,138106.0,2023-05-15,CCK3,62 days
2023-03-15,734,2655.0,2658.0,2604.0,2617.0,2616.0,2616.0,2616.0,USD,32313.0,138589.0,2023-05-15,CCK3,61 days
2023-03-16,734,2624.0,2691.0,2618.0,2675.0,2673.0,2688.0,2674.0,USD,35894.0,135982.0,2023-05-15,CCK3,60 days
2023-03-17,734,2695.0,2746.0,2695.0,2739.0,2738.0,2738.0,2738.0,USD,32963.0,131735.0,2023-05-15,CCK3,59 days
2023-03-20,734,2715.0,2796.0,2713.0,2792.0,2790.0,2785.0,2792.0,USD,33309.0,126197.0,2023-05-15,CCK3,56 days
2023-03-21,734,2788.0,2823.0,2781.0,2818.0,2817.0,2817.0,2817.0,USD,32438.0,123172.0,2023-05-15,CCK3,55 days
2023-03-22,734,2816.0,2878.0,2816.0,2872.0,2870.0,2874.0,2870.0,USD,39680.0,119332.0,2023-05-15,CCK3,54 days
2023-03-23,734,2873.0,2888.0,2843.0,2869.0,2866.0,2868.0,2869.0,USD,34475.0,121093.0,2023-05-15,CCK3,53 days
2023-03-24,734,2851.0,2892.0,2849.0,2882.0,2880.0,2884.0,2880.0,USD,25486.0,122040.0,2023-05-15,CCK3,52 days
2023-03-27,734,2881.0,2923.0,2867.0,2907.0,2906.0,2902.0,2907.0,USD,28448.0,123817.0,2023-05-15,CCK3,49 days
2023-03-28,734,2903.0,2922.0,2888.0,2906.0,2904.0,2901.0,2906.0,USD,23740.0,125032.0,2023-05-15,CCK3,48 days
2023-03-29,734,2900.0,2903.0,2874.0,2880.0,2878.0,2880.0,2880.0,USD,21729.0,128350.0,2023-05-15,CCK3,47 days
2023-03-30,734,2873.0,2927.0,2848.0,2925.0,2923.0,2917.0,2924.0,USD,36611.0,127537.0,2023-05-15,CCK3,46 days
2023-03-31,734,2917.0,2963.0,2905.0,2931.0,2929.0,2933.0,2931.0,USD,29946.0,126260.0,2023-05-15,CCK3,45 days
2023-04-03,735,2891.0,2892.0,2823.0,2830.0,2829.0,2835.0,2829.0,USD,27719.0,124595.0,2023-07-14,CCN3,102 days
2023-04-04,735,2836.0,2890.0,2829.0,2883.0,2881.0,2882.0,2881.0,USD,33305.0,128670.0,2023-07-14,CCN3,101 days
2023-04-05,735,2885.0,2890.0,2860.0,2878.0,2876.0,2877.0,2878.0,USD,33854.0,133904.0,2023-07-14,CCN3,100 days
2023-04-06,735,2890.0,2904.0,2861.0,2863.0,2861.0,2870.0,2862.0,USD,60968.0,139941.0,2023-07-14,CCN3,99 days
2023-04-10,735,2870.0,2878.0,2814.0,2855.0,2854.0,2861.0,2854.0,USD,32433.0,136874.0,2023-07-14,CCN3,95 days
2023-04-11,735,2863.0,2910.0,2852.0,2894.0,2892.0,2903.0,2893.0,USD,59480.0,143160.0,2023-07-14,CCN3,94 days
2023-04-12,735,2892.0,2910.0,2860.0,2870.0,2866.0,2866.0,2867.0,USD,35999.0,142416.0,2023-07-14,CCN3,93 days
2023-04-13,735,2890.0,2930.0,2876.0,2919.0,2915.0,2915.0,2919.0,USD,27101.0,145026.0,2023-07-14,CCN3,92 days
2023-04-14,735,2917.0,2958.0,2884.0,2890.0,2889.0,2897.0,2889.0,USD,33306.0,142759.0,2023-07-14,CCN3,91 days
2023-04-17,735,2890.0,2928.0,2884.0,2917.0,2915.0,2919.0,2917.0,USD,26595.0,142454.0,2023-07-14,CCN3,88 days
2023-04-18,735,2930.0,2979.0,2905.0,2977.0,2976.0,2965.0,2977.0,USD,31611.0,144001.0,2023-07-14,CCN3,87 days
2023-04-19,735,2975.0,2988.0,2945.0,2980.0,2978.0,2977.0,2979.0,USD,26399.0,141433.0,2023-07-14,CCN3,86 days
2023-04-20,735,2967.0,2979.0,2946.0,2960.0,2957.0,2956.0,2957.0,USD,27634.0,141355.0,2023-07-14,CCN3,85 days
2023-04-21,735,2961.0,2995.0,2935.0,2983.0,2980.0,2983.0,2981.0,USD,21120.0,142526.0,2023-07-14,CCN3,84 days
2023-04-24,735,2977.0,2987.0,2938.0,2978.0,2976.0,2966.0,2978.0,USD,14935.0,142170.0,2023-07-14,CCN3,81 days
2023-04-25,735,2966.0,2974.0,2913.0,2920.0,2919.0,2928.0,2919.0,USD,18929.0,142399.0,2023-07-14,CCN3,80 days
2023-04-26,735,2921.0,2967.0,2897.0,2949.0,2946.0,2950.0,2949.0,USD,20219.0,141109.0,2023-07-14,CCN3,79 days
2023-04-27,735,2942.0,2960.0,2913.0,2924.0,2923.0,2924.0,2924.0,USD,18127.0,139503.0,2023-07-14,CCN3,78 days
2023-04-28,735,2914.0,2940.0,2894.0,2937.0,2935.0,2937.0,2936.0,USD,22683.0,139957.0,2023-07-14,CCN3,77 days
2023-05-01,735,2937.0,2979.0,2918.0,2929.0,2928.0,2932.0,2929.0,USD,15660.0,139747.0,2023-07-14,CCN3,74 days
2023-05-02,735,2925.0,2937.0,2878.0,2889.0,2886.0,2891.0,2888.0,USD,25002.0,137312.0,2023-07-14,CCN3,73 days
2023-05-03,735,2892.0,2905.0,2857.0,2867.0,2865.0,2870.0,2867.0,USD,21335.0,135609.0,2023-07-14,CCN3,72 days
2023-05-04,735,2867.0,2926.0,2862.0,2917.0,2916.0,2904.0,2917.0,USD,24204.0,134247.0,2023-07-14,CCN3,71 days
2023-05-05,735,2918.0,2946.0,2911.0,2941.0,2939.0,2933.0,2940.0,USD,19965.0,131480.0,2023-07-14,CCN3,70 days
2023-05-08,735,2940.0,2969.0,2919.0,2960.0,2959.0,2954.0,2960.0,USD,14585.0,132082.0,2023-07-14,CCN3,67 days
2023-05-09,735,2943.0,3008.0,2933.0,3003.0,3001.0,2999.0,3002.0,USD,27421.0,134162.0,2023-07-14,CCN3,66 days
2023-05-10,735,3000.0,3042.0,2990.0,3032.0,3029.0,3026.0,3031.0,USD,24427.0,135663.0,2023-07-14,CCN3,65 days
2023-05-11,735,3027.0,3037.0,2991.0,3006.0,3005.0,3003.0,3006.0,USD,22162.0,135318.0,2023-07-14,CCN3,64 days
2023-05-12,735,2989.0,3049.0,2972.0,2977.0,2975.0,2986.0,2977.0,USD,35093.0,133778.0,2023-07-14,CCN3,63 days
2023-05-15,735,2975.0,2991.0,2945.0,2975.0,2973.0,2980.0,2973.0,USD,21300.0,131348.0,2023-07-14,CCN3,60 days
2023-05-16,735,2980.0,3008.0,2974.0,2986.0,2984.0,2995.0,2984.0,USD,19384.0,129764.0,2023-07-14,CCN3,59 days
2023-05-17,735,2989.0,3012.0,2968.0,3000.0,2999.0,3000.0,3000.0,USD,14464.0,127957.0,2023-07-14,CCN3,58 days
2023-05-18,735,3000.0,3030.0,2985.0,2989.0,2988.0,2991.0,2988.0,USD,21182.0,127774.0,2023-07-14,CCN3,57 days
2023-05-19,735,2988.0,3074.0,2971.0,3072.0,3071.0,3068.0,3071.0,USD,31231.0,129086.0,2023-07-14,CCN3,56 days
2023-05-22,735,3074.0,3079.0,3019.0,3028.0,3026.0,3023.0,3028.0,USD,24531.0,126119.0,2023-07-14,CCN3,53 days
2023-05-23,735,3021.0,3049.0,3009.0,3019.0,3018.0,3016.0,3018.0,USD,16988.0,125523.0,2023-07-14,CCN3,52 days
2023-05-24,735,3010.0,3034.0,2985.0,3014.0,3013.0,3010.0,3013.0,USD,19258.0,122477.0,2023-07-14,CCN3,51 days
2023-05-25,735,3008.0,3028.0,2992.0,3013.0,3011.0,3017.0,3011.0,USD,16176.0,120121.0,2023-07-14,CCN3,50 days
2023-05-26,735,3017.0,3038.0,2988.0,3000.0,2999.0,2991.0,3000.0,USD,25350.0,116854.0,2023-07-14,CCN3,49 days
2023-05-30,735,2991.0,3028.0,2991.0,3011.0,3010.0,3005.0,3010.0,USD,19322.0,116122.0,2023-07-14,CCN3,45 days
2023-05-31,735,3000.0,3031.0,2993.0,3005.0,3004.0,3007.0,3005.0,USD,26454.0,112770.0,2023-07-14,CCN3,44 days
2023-06-01,735,3017.0,3047.0,3002.0,3015.0,3013.0,3008.0,3015.0,USD,34422.0,102840.0,2023-07-14,CCN3,43 days
2023-06-02,736,3015.0,3044.0,3006.0,3034.0,3033.0,3035.0,3034.0,USD,18817.0,103849.0,2023-09-14,CCU3,104 days
2023-06-05,736,3030.0,3064.0,3013.0,3060.0,3057.0,3058.0,3060.0,USD,24530.0,110875.0,2023-09-14,CCU3,101 days
2023-06-06,736,3063.0,3092.0,3042.0,3046.0,3043.0,3047.0,3046.0,USD,52348.0,116351.0,2023-09-14,CCU3,100 days
2023-06-07,736,3037.0,3097.0,3029.0,3093.0,3089.0,3091.0,3090.0,USD,52323.0,132092.0,2023-09-14,CCU3,99 days
2023-06-08,736,3091.0,3160.0,3082.0,3156.0,3154.0,3137.0,3156.0,USD,42658.0,138362.0,2023-09-14,CCU3,98 days
2023-06-09,736,3149.0,3178.0,3144.0,3172.0,3171.0,3175.0,3171.0,USD,42511.0,144713.0,2023-09-14,CCU3,97 days
2023-06-12,736,3160.0,3191.0,3127.0,3140.0,3138.0,3130.0,3139.0,USD,36237.0,149803.0,2023-09-14,CCU3,94 days
2023-06-13,736,3136.0,3216.0,3135.0,3186.0,3184.0,3184.0,3186.0,USD,41255.0,147408.0,2023-09-14,CCU3,93 days
2023-06-14,736,3180.0,3229.0,3171.0,3219.0,3217.0,3202.0,3218.0,USD,49563.0,156418.0,2023-09-14,CCU3,92 days
2023-06-15,736,3220.0,3271.0,3204.0,3257.0,3254.0,3262.0,3254.0,USD,40558.0,157741.0,2023-09-14,CCU3,91 days
2023-06-16,736,3257.0,3269.0,3212.0,3243.0,3241.0,3236.0,3241.0,USD,31028.0,157353.0,2023-09-14,CCU3,90 days
2023-06-20,736,3239.0,3239.0,3203.0,3210.0,3208.0,3211.0,3210.0,USD,32658.0,157175.0,2023-09-14,CCU3,86 days
2023-06-21,736,3201.0,3247.0,3174.0,3229.0,3227.0,3237.0,3228.0,USD,26509.0,158515.0,2023-09-14,CCU3,85 days
2023-06-22,736,3235.0,3235.0,3202.0,3205.0,3204.0,3210.0,3204.0,USD,15951.0,157905.0,2023-09-14,CCU3,84 days
2023-06-23,736,3189.0,3220.0,3178.0,3210.0,3208.0,3203.0,3210.0,USD,18425.0,158140.0,2023-09-14,CCU3,83 days
2023-06-26,736,3210.0,3281.0,3208.0,3263.0,3261.0,3258.0,3261.0,USD,25746.0,157153.0,2023-09-14,CCU3,80 days
2023-06-27,736,3260.0,3274.0,3245.0,3267.0,3265.0,3258.0,3265.0,USD,15802.0,156367.0,2023-09-14,CCU3,79 days
2023-06-28,736,3267.0,3349.0,3259.0,3344.0,3343.0,3338.0,3343.0,USD,22719.0,158314.0,2023-09-14,CCU3,78 days
2023-06-29,736,3330.0,3341.0,3257.0,3277.0,3275.0,3261.0,3275.0,USD,28260.0,155407.0,2023-09-14,CCU3,77 days
2023-06-30,736,3275.0,3364.0,3273.0,3359.0,3358.0,3353.0,3357.0,USD,24984.0,157513.0,2023-09-14,CCU3,76 days
2023-07-03,736,3357.0,3414.0,3305.0,3406.0,3404.0,3399.0,3407.0,USD,22212.0,156779.0,2023-09-14,CCU3,73 days
2023-07-05,736,3376.0,3409.0,3355.0,3360.0,3358.0,3369.0,3359.0,USD,22860.0,155550.0,2023-09-14,CCU3,71 days
2023-07-06,736,3356.0,3378.0,3294.0,3320.0,3318.0,3313.0,3320.0,USD,19544.0,155516.0,2023-09-14,CCU3,70 days
2023-07-07,736,3309.0,3342.0,3291.0,3305.0,3303.0,3310.0,3303.0,USD,14142.0,154705.0,2023-09-14,CCU3,69 days
2023-07-10,736,3310.0,3359.0,3309.0,3325.0,3322.0,3335.0,3322.0,USD,14009.0,154685.0,2023-09-14,CCU3,66 days
2023-07-11,736,3325.0,3368.0,3314.0,3349.0,3347.0,3332.0,3347.0,USD,15491.0,155063.0,2023-09-14,CCU3,65 days
2023-07-12,736,3347.0,3362.0,3310.0,3341.0,3340.0,3339.0,3340.0,USD,19996.0,155772.0,2023-09-14,CCU3,64 days
2023-07-13,736,3309.0,3322.0,3260.0,3283.0,3282.0,3267.0,3282.0,USD,32568.0,154042.0,2023-09-14,CCU3,63 days
2023-07-14,736,3269.0,3373.0,3262.0,3346.0,3344.0,3352.0,3344.0,USD,35464.0,153405.0,2023-09-14,CCU3,62 days
2023-07-17,736,3351.0,3374.0,3323.0,3368.0,3366.0,3359.0,3368.0,USD,18464.0,152157.0,2023-09-14,CCU3,59 days
2023-07-18,736,3371.0,3429.0,3343.0,3416.0,3414.0,3407.0,3414.0,USD,23093.0,151962.0,2023-09-14,CCU3,58 days
2023-07-19,736,3400.0,3439.0,3382.0,3424.0,3422.0,3433.0,3422.0,USD,21683.0,149672.0,2023-09-14,CCU3,57 days
2023-07-20,736,3410.0,3420.0,3373.0,3397.0,3396.0,3388.0,3396.0,USD,18330.0,149834.0,2023-09-14,CCU3,56 days
2023-07-21,736,3368.0,3427.0,3360.0,3411.0,3410.0,3415.0,3410.0,USD,17637.0,149317.0,2023-09-14,CCU3,55 days
2023-07-24,736,3410.0,3425.0,3391.0,3420.0,3419.0,3417.0,3419.0,USD,13588.0,149256.0,2023-09-14,CCU3,52 days
2023-07-25,736,3427.0,3519.0,3421.0,3471.0,3470.0,3470.0,3470.0,USD,27274.0,146178.0,2023-09-14,CCU3,51 days
2023-07-26,736,3470.0,3569.0,3464.0,3569.0,3568.0,3552.0,3568.0,USD,40035.0,137731.0,2023-09-14,CCU3,50 days
2023-07-27,736,3580.0,3602.0,3502.0,3540.0,3538.0,3529.0,3539.0,USD,23786.0,135999.0,2023-09-14,CCU3,49 days
2023-07-28,736,3549.0,3562.0,3518.0,3526.0,3524.0,3525.0,3524.0,USD,14059.0,134479.0,2023-09-14,CCU3,48 days
2023-07-31,736,3527.0,3569.0,3523.0,3553.0,3550.0,3548.0,3551.0,USD,19202.0,130522.0,2023-09-14,CCU3,45 days
2023-08-01,737,3543.0,3572.0,3506.0,3553.0,3550.0,3544.0,3551.0,USD,32509.0,131113.0,2023-12-13,CCZ3,134 days
2023-08-02,737,3542.0,3566.0,3521.0,3548.0,3546.0,3551.0,3547.0,USD,26687.0,132600.0,2023-12-13,CCZ3,133 days
2023-08-03,737,3545.0,3551.0,3482.0,3497.0,3494.0,3488.0,3494.0,USD,32446.0,135840.0,2023-12-13,CCZ3,132 days
2023-08-04,737,3487.0,3533.0,3483.0,3494.0,3493.0,3498.0,3493.0,USD,38332.0,137120.0,2023-12-13,CCZ3,131 days
2023-08-07,737,3488.0,3618.0,3462.0,3474.0,3472.0,3497.0,3473.0,USD,91877.0,138321.0,2023-12-13,CCZ3,128 days
2023-08-08,737,3486.0,3487.0,3338.0,3366.0,3365.0,3376.0,3366.0,USD,70359.0,138684.0,2023-12-13,CCZ3,127 days
2023-08-09,737,3386.0,3407.0,3345.0,3358.0,3355.0,3363.0,3356.0,USD,43561.0,138601.0,2023-12-13,CCZ3,126 days
2023-08-10,737,3355.0,3378.0,3317.0,3347.0,3345.0,3358.0,3347.0,USD,44679.0,142950.0,2023-12-13,CCZ3,125 days
2023-08-11,737,3344.0,3373.0,3315.0,3357.0,3355.0,3357.0,3357.0,USD,29458.0,143168.0,2023-12-13,CCZ3,124 days
2023-08-14,737,3375.0,3414.0,3369.0,3388.0,3387.0,3397.0,3387.0,USD,21878.0,144932.0,2023-12-13,CCZ3,121 days
2023-08-15,737,3395.0,3466.0,3384.0,3435.0,3431.0,3433.0,3436.0,USD,25293.0,144765.0,2023-12-13,CCZ3,120 days
2023-08-16,737,3430.0,3460.0,3418.0,3453.0,3450.0,3452.0,3453.0,USD,25904.0,146514.0,2023-12-13,CCZ3,119 days
2023-08-17,737,3466.0,3512.0,3465.0,3491.0,3489.0,3488.0,3491.0,USD,25121.0,146423.0,2023-12-13,CCZ3,118 days
2023-08-18,737,3481.0,3484.0,3435.0,3441.0,3439.0,3449.0,3441.0,USD,28039.0,146120.0,2023-12-13,CCZ3,117 days
2023-08-21,737,3435.0,3478.0,3420.0,3455.0,3453.0,3448.0,3454.0,USD,17994.0,145373.0,2023-12-13,CCZ3,114 days
2023-08-22,737,3456.0,3464.0,3407.0,3422.0,3421.0,3423.0,3421.0,USD,20446.0,146412.0,2023-12-13,CCZ3,113 days
2023-08-23,737,3425.0,3438.0,3393.0,3424.0,3421.0,3423.0,3422.0,USD,20385.0,148004.0,2023-12-13,CCZ3,112 days
2023-08-24,737,3424.0,3465.0,3389.0,3438.0,3437.0,3435.0,3437.0,USD,32223.0,150706.0,2023-12-13,CCZ3,111 days
2023-08-25,737,3448.0,3480.0,3444.0,3469.0,3467.0,3466.0,3469.0,USD,18715.0,152581.0,2023-12-13,CCZ3,110 days
2023-08-28,737,3456.0,3492.0,3456.0,3492.0,3491.0,3475.0,3491.0,USD,14481.0,152169.0,2023-12-13,CCZ3,107 days
2023-08-29,737,3507.0,3599.0,3507.0,3599.0,3598.0,3588.0,3598.0,USD,34123.0,153555.0,2023-12-13,CCZ3,106 days
2023-08-30,737,3586.0,3641.0,3556.0,3640.0,3639.0,3639.0,3640.0,USD,35897.0,151553.0,2023-12-13,CCZ3,105 days
2023-08-31,737,3649.0,3677.0,3621.0,3640.0,3639.0,3638.0,3640.0,USD,26120.0,152775.0,2023-12-13,CCZ3,104 days
2023-09-01,737,3637.0,3669.0,3590.0,3613.0,3611.0,3605.0,3611.0,USD,22949.0,153625.0,2023-12-13,CCZ3,103 days
2023-09-05,737,3592.0,3697.0,3572.0,3661.0,3659.0,3649.0,3660.0,USD,25501.0,154327.0,2023-12-13,CCZ3,99 days
2023-09-06,737,3648.0,3691.0,3627.0,3647.0,3646.0,3652.0,3647.0,USD,16849.0,154413.0,2023-12-13,CCZ3,98 days
2023-09-07,737,3640.0,3643.0,3596.0,3607.0,3605.0,3612.0,3607.0,USD,17928.0,153395.0,2023-12-13,CCZ3,97 days
2023-09-08,737,3614.0,3661.0,3614.0,3656.0,3654.0,3654.0,3654.0,USD,24881.0,152559.0,2023-12-13,CCZ3,96 days
2023-09-11,737,3650.0,3678.0,3639.0,3670.0,3668.0,3656.0,3670.0,USD,15142.0,153188.0,2023-12-13,CCZ3,93 days
2023-09-12,737,3660.0,3666.0,3637.0,3648.0,3647.0,3649.0,3648.0,USD,15528.0,152236.0,2023-12-13,CCZ3,92 days
2023-09-13,737,3649.0,3731.0,3648.0,3726.0,3724.0,3726.0,3724.0,USD,25356.0,153656.0,2023-12-13,CCZ3,91 days
2023-09-14,737,3717.0,3750.0,3706.0,3734.0,3731.0,3730.0,3733.0,USD,17479.0,152658.0,2023-12-13,CCZ3,90 days
2023-09-15,737,3738.0,3763.0,3725.0,3749.0,3747.0,3757.0,3747.0,USD,14101.0,152906.0,2023-12-13,CCZ3,89 days
2023-09-18,737,3747.0,3754.0,3613.0,3626.0,3623.0,3621.0,3625.0,USD,29765.0,148137.0,2023-12-13,CCZ3,86 days
2023-09-19,737,3640.0,3688.0,3633.0,3639.0,3638.0,3642.0,3639.0,USD,22497.0,146448.0,2023-12-13,CCZ3,85 days
2023-09-20,737,3614.0,3625.0,3555.0,3579.0,3576.0,3570.0,3578.0,USD,25702.0,145814.0,2023-12-13,CCZ3,84 days
2023-09-21,737,3576.0,3609.0,3553.0,3588.0,3586.0,3595.0,3587.0,USD,21421.0,144127.0,2023-12-13,CCZ3,83 days
2023-09-22,737,3595.0,3643.0,3565.0,3583.0,3582.0,3582.0,3583.0,USD,20986.0,143435.0,2023-12-13,CCZ3,82 days
2023-09-25,737,3583.0,3583.0,3491.0,3496.0,3494.0,3496.0,3494.0,USD,23820.0,142248.0,2023-12-13,CCZ3,79 days
2023-09-26,737,3500.0,3539.0,3488.0,3491.0,3490.0,3500.0,3491.0,USD,19988.0,139242.0,2023-12-13,CCZ3,78 days
2023-09-27,737,3489.0,3489.0,3398.0,3441.0,3439.0,3416.0,3441.0,USD,32686.0,135815.0,2023-12-13,CCZ3,77 days
2023-09-28,737,3431.0,3471.0,3425.0,3457.0,3455.0,3459.0,3455.0,USD,23340.0,132828.0,2023-12-13,CCZ3,76 days
2023-09-29,737,3457.0,3484.0,3402.0,3423.0,3421.0,3418.0,3423.0,USD,25999.0,130453.0,2023-12-13,CCZ3,75 days
2023-10-02,737,3432.0,3525.0,3432.0,3500.0,3498.0,3502.0,3499.0,USD,27425.0,129683.0,2023-12-13,CCZ3,72 days
2023-10-03,737,3487.0,3508.0,3414.0,3436.0,3435.0,3428.0,3436.0,USD,22599.0,128479.0,2023-12-13,CCZ3,71 days
2023-10-04,737,3414.0,3453.0,3410.0,3428.0,3426.0,3431.0,3428.0,USD,15882.0,126632.0,2023-12-13,CCZ3,70 days
2023-10-05,737,3438.0,3445.0,3375.0,3392.0,3391.0,3400.0,3392.0,USD,22992.0,124441.0,2023-12-13,CCZ3,69 days
2023-10-06,737,3392.0,3469.0,3373.0,3465.0,3464.0,3453.0,3465.0,USD,22147.0,123531.0,2023-12-13,CCZ3,68 days
2023-10-09,737,3460.0,3465.0,3406.0,3439.0,3436.0,3435.0,3438.0,USD,14886.0,121680.0,2023-12-13,CCZ3,65 days
2023-10-10,737,3444.0,3479.0,3432.0,3478.0,3477.0,3474.0,3478.0,USD,15117.0,122051.0,2023-12-13,CCZ3,64 days
2023-10-11,737,3485.0,3490.0,3426.0,3437.0,3435.0,3432.0,3437.0,USD,14216.0,120010.0,2023-12-13,CCZ3,63 days
2023-10-12,737,3480.0,3503.0,3460.0,3488.0,3486.0,3490.0,3488.0,USD,19367.0,120424.0,2023-12-13,CCZ3,62 days
2023-10-13,737,3488.0,3514.0,3455.0,3501.0,3499.0,3499.0,3500.0,USD,17559.0,120562.0,2023-12-13,CCZ3,61 days
2023-10-16,737,3513.0,3613.0,3506.0,3583.0,3581.0,3591.0,3581.0,USD,30432.0,121081.0,2023-12-13,CCZ3,58 days
2023-10-17,737,3584.0,3642.0,3570.0,3636.0,3634.0,3635.0,3635.0,USD,20606.0,120899.0,2023-12-13,CCZ3,57 days
2023-10-18,737,3627.0,3672.0,3615.0,3627.0,3625.0,3639.0,3627.0,USD,23508.0,122077.0,2023-12-13,CCZ3,56 days
2023-10-19,737,3660.0,3700.0,3630.0,3634.0,3631.0,3648.0,3634.0,USD,21540.0,122821.0,2023-12-13,CCZ3,55 days
2023-10-20,737,3616.0,3710.0,3603.0,3709.0,3707.0,3694.0,3706.0,USD,20399.0,121499.0,2023-12-13,CCZ3,54 days
2023-10-23,737,3726.0,3786.0,3715.0,3760.0,3758.0,3759.0,3759.0,USD,20738.0,125245.0,2023-12-13,CCZ3,51 days
2023-10-24,737,3774.0,3778.0,3701.0,3732.0,3731.0,3729.0,3732.0,USD,23275.0,126156.0,2023-12-13,CCZ3,50 days
2023-10-25,737,3722.0,3781.0,3716.0,3736.0,3734.0,3735.0,3735.0,USD,19776.0,128436.0,2023-12-13,CCZ3,49 days
2023-10-26,737,3739.0,3837.0,3732.0,3828.0,3827.0,3810.0,3827.0,USD,22206.0,128054.0,2023-12-13,CCZ3,48 days
2023-10-27,737,3812.0,3871.0,3808.0,3856.0,3855.0,3852.0,3855.0,USD,22900.0,124323.0,2023-12-13,CCZ3,47 days
2023-10-30,737,3860.0,3880.0,3810.0,3832.0,3829.0,3826.0,3831.0,USD,16837.0,122679.0,2023-12-13,CCZ3,44 days
2023-10-31,737,3839.0,3874.0,3795.0,3822.0,3820.0,3817.0,3820.0,USD,22845.0,114587.0,2023-12-13,CCZ3,43 days
2023-11-01,737,3806.0,3825.0,3781.0,3800.0,3798.0,3794.0,3800.0,USD,16708.0,112571.0,2023-12-13,CCZ3,42 days
2023-11-02,737,3810.0,3867.0,3809.0,3862.0,3860.0,3865.0,3862.0,USD,19046.0,108429.0,2023-12-13,CCZ3,41 days
2023-11-03,738,3890.0,3935.0,3855.0,3932.0,3929.0,3927.0,3929.0,USD,22160.0,105271.0,2024-03-13,CCH4,131 days
2023-11-06,738,3930.0,3964.0,3896.0,3961.0,3958.0,3941.0,3960.0,USD,51622.0,111154.0,2024-03-13,CCH4,128 days
2023-11-07,738,3950.0,3979.0,3890.0,3910.0,3907.0,3905.0,3910.0,USD,42128.0,118623.0,2024-03-13,CCH4,127 days
2023-11-08,738,3909.0,3949.0,3872.0,3941.0,3939.0,3933.0,3941.0,USD,44650.0,125843.0,2024-03-13,CCH4,126 days
2023-11-09,738,3960.0,3998.0,3948.0,3979.0,3977.0,3972.0,3979.0,USD,32345.0,132897.0,2024-03-13,CCH4,125 days
2023-11-10,738,3974.0,4035.0,3971.0,4032.0,4030.0,4014.0,4030.0,USD,29481.0,141386.0,2024-03-13,CCH4,124 days
2023-11-13,738,4015.0,4073.0,4011.0,4066.0,4065.0,4064.0,4065.0,USD,27172.0,145630.0,2024-03-13,CCH4,121 days
2023-11-14,738,4082.0,4127.0,3953.0,3975.0,3973.0,3984.0,3974.0,USD,47782.0,147054.0,2024-03-13,CCH4,120 days
2023-11-15,738,3965.0,4019.0,3939.0,4009.0,4008.0,3992.0,4009.0,USD,25829.0,147700.0,2024-03-13,CCH4,119 days
2023-11-16,738,4026.0,4075.0,4019.0,4049.0,4047.0,4043.0,4046.0,USD,27518.0,145702.0,2024-03-13,CCH4,118 days
2023-11-17,738,4043.0,4118.0,4040.0,4116.0,4114.0,4108.0,4115.0,USD,26652.0,147676.0,2024-03-13,CCH4,117 days
2023-11-20,738,4089.0,4124.0,4039.0,4070.0,4068.0,4051.0,4069.0,USD,31397.0,146167.0,2024-03-13,CCH4,114 days
2023-11-21,738,4060.0,4148.0,4059.0,4137.0,4135.0,4118.0,4135.0,USD,37817.0,146303.0,2024-03-13,CCH4,113 days
2023-11-22,738,4140.0,4145.0,4071.0,4076.0,4075.0,4084.0,4075.0,USD,21973.0,145483.0,2024-03-13,CCH4,112 days
2023-11-24,738,4106.0,4124.0,4077.0,4086.0,4085.0,4089.0,4085.0,USD,13856.0,146054.0,2024-03-13,CCH4,110 days
2023-11-27,738,4096.0,4143.0,4083.0,4132.0,4131.0,4130.0,4131.0,USD,18329.0,147344.0,2024-03-13,CCH4,107 days
2023-11-28,738,4151.0,4219.0,4114.0,4219.0,4217.0,4201.0,4218.0,USD,26208.0,147796.0,2024-03-13,CCH4,106 days
2023-11-29,738,4206.0,4287.0,4186.0,4282.0,4278.0,4273.0,4281.0,USD,25312.0,148045.0,2024-03-13,CCH4,105 days
2023-11-30,738,4265.0,4294.0,4231.0,4278.0,4276.0,4277.0,4277.0,USD,25378.0,146373.0,2024-03-13,CCH4,104 days
2023-12-01,738,4265.0,4270.0,4160.0,4202.0,4200.0,4201.0,4202.0,USD,29503.0,144407.0,2024-03-13,CCH4,103 days
2023-12-04,738,4186.0,4252.0,4136.0,4142.0,4140.0,4171.0,4141.0,USD,27011.0,141561.0,2024-03-13,CCH4,100 days
2023-12-05,738,4155.0,4162.0,4102.0,4107.0,4105.0,4106.0,4106.0,USD,25975.0,139860.0,2024-03-13,CCH4,99 days
2023-12-06,738,4099.0,4146.0,4098.0,4128.0,4126.0,4126.0,4128.0,USD,19145.0,139590.0,2024-03-13,CCH4,98 days
2023-12-07,738,4176.0,4224.0,4170.0,4205.0,4203.0,4200.0,4204.0,USD,26451.0,140232.0,2024-03-13,CCH4,97 days
2023-12-08,738,4200.0,4291.0,4148.0,4290.0,4289.0,4271.0,4289.0,USD,31439.0,140670.0,2024-03-13,CCH4,96 days
2023-12-11,738,4275.0,4308.0,4189.0,4218.0,4216.0,4211.0,4216.0,USD,33949.0,137736.0,2024-03-13,CCH4,93 days
2023-12-12,738,4221.0,4259.0,4189.0,4245.0,4243.0,4235.0,4245.0,USD,20085.0,138522.0,2024-03-13,CCH4,92 days
2023-12-13,738,4245.0,4265.0,4214.0,4256.0,4254.0,4255.0,4254.0,USD,15859.0,138534.0,2024-03-13,CCH4,91 days
2023-12-14,738,4270.0,4317.0,4237.0,4282.0,4281.0,4267.0,4281.0,USD,25216.0,137167.0,2024-03-13,CCH4,90 days
2023-12-15,738,4273.0,4282.0,4231.0,4258.0,4256.0,4244.0,4256.0,USD,19048.0,135991.0,2024-03-13,CCH4,89 days
2023-12-18,738,4255.0,4307.0,4241.0,4291.0,4289.0,4271.0,4289.0,USD,18493.0,136057.0,2024-03-13,CCH4,86 days
2023-12-19,738,4285.0,4307.0,4254.0,4303.0,4300.0,4289.0,4302.0,USD,16193.0,136597.0,2024-03-13,CCH4,85 days
2023-12-20,738,4288.0,4334.0,4271.0,4311.0,4309.0,4309.0,4310.0,USD,16998.0,136058.0,2024-03-13,CCH4,84 days
2023-12-21,738,4300.0,4320.0,4267.0,4292.0,4290.0,4288.0,4292.0,USD,20606.0,135615.0,2024-03-13,CCH4,83 days
2023-12-22,738,4277.0,4325.0,4275.0,4315.0,4313.0,4311.0,4315.0,USD,12715.0,136976.0,2024-03-13,CCH4,82 days
2023-12-26,738,4320.0,4343.0,4276.0,4296.0,4294.0,4283.0,4296.0,USD,9121.0,137353.0,2024-03-13,CCH4,78 days
2023-12-27,738,4296.0,4315.0,4277.0,4289.0,4286.0,4280.0,4286.0,USD,12495.0,137964.0,2024-03-13,CCH4,77 days
2023-12-28,738,4288.0,4302.0,4235.0,4255.0,4252.0,4256.0,4255.0,USD,16113.0,139396.0,2024-03-13,CCH4,76 days
2023-12-29,738,4256.0,4256.0,4193.0,4202.0,4200.0,4196.0,4200.0,USD,18596.0,139751.0,2024-03-13,CCH4,75 days
2024-01-02,738,4209.0,4287.0,4200.0,4286.0,4285.0,4275.0,4286.0,USD,24130.0,139511.0,2024-03-13,CCH4,71 days
2024-01-03,738,4265.0,4273.0,4204.0,4235.0,4233.0,4238.0,4235.0,USD,25190.0,142214.0,2024-03-13,CCH4,70 days
2024-01-04,738,4233.0,4267.0,4232.0,4266.0,4264.0,4260.0,4265.0,USD,15720.0,141414.0,2024-03-13,CCH4,69 days
2024-01-05,738,4260.0,4274.0,4194.0,4205.0,4204.0,4204.0,4204.0,USD,19627.0,140820.0,2024-03-13,CCH4,68 days
2024-01-08,738,4194.0,4194.0,4034.0,4122.0,4120.0,4094.0,4121.0,USD,53188.0,138838.0,2024-03-13,CCH4,65 days
2024-01-09,738,4110.0,4202.0,4092.0,4152.0,4150.0,4162.0,4150.0,USD,28725.0,136063.0,2024-03-13,CCH4,64 days
2024-01-10,738,4171.0,4235.0,4156.0,4199.0,4197.0,4206.0,4199.0,USD,22852.0,134102.0,2024-03-13,CCH4,63 days
2024-01-11,738,4210.0,4280.0,4199.0,4271.0,4269.0,4274.0,4272.0,USD,24520.0,134672.0,2024-03-13,CCH4,62 days
2024-01-12,738,4290.0,4358.0,4285.0,4316.0,4314.0,4323.0,4315.0,USD,30064.0,137646.0,2024-03-13,CCH4,61 days
2024-01-16,738,4355.0,4448.0,4321.0,4439.0,4438.0,4429.0,4439.0,USD,35655.0,141101.0,2024-03-13,CCH4,57 days
2024-01-17,738,4420.0,4478.0,4406.0,4443.0,4442.0,4448.0,4444.0,USD,27594.0,140718.0,2024-03-13,CCH4,56 days
2024-01-18,738,4428.0,4497.0,4415.0,4492.0,4489.0,4458.0,4491.0,USD,29379.0,139344.0,2024-03-13,CCH4,55 days
2024-01-19,738,4499.0,4607.0,4479.0,4602.0,4600.0,4583.0,4602.0,USD,39687.0,135682.0,2024-03-13,CCH4,54 days
2024-01-22,738,4589.0,4607.0,4529.0,4586.0,4585.0,4565.0,4586.0,USD,27707.0,134699.0,2024-03-13,CCH4,51 days
2024-01-23,738,4570.0,4835.0,4570.0,4668.0,4667.0,4634.0,4668.0,USD,50898.0,134380.0,2024-03-13,CCH4,50 days
2024-01-24,738,4679.0,4808.0,4658.0,4799.0,4797.0,4785.0,4797.0,USD,36933.0,129292.0,2024-03-13,CCH4,49 days
2024-01-25,738,4815.0,4840.0,4610.0,4617.0,4616.0,4625.0,4616.0,USD,44374.0,124666.0,2024-03-13,CCH4,48 days
2024-01-26,738,4650.0,4696.0,4614.0,4689.0,4687.0,4672.0,4687.0,USD,25005.0,120642.0,2024-03-13,CCH4,47 days
2024-01-29,738,4679.0,4755.0,4632.0,4742.0,4740.0,4732.0,4740.0,USD,29981.0,116750.0,2024-03-13,CCH4,44 days
2024-01-30,738,4743.0,4843.0,4712.0,4801.0,4800.0,4805.0,4800.0,USD,33961.0,111963.0,2024-03-13,CCH4,43 days
2024-01-31,738,4795.0,4869.0,4770.0,4813.0,4810.0,4822.0,4810.0,USD,25256.0,107608.0,2024-03-13,CCH4,42 days
2024-02-01,738,4832.0,4981.0,4828.0,4980.0,4979.0,4956.0,4979.0,USD,36184.0,104607.0,2024-03-13,CCH4,41 days
2024-02-02,738,4990.0,5032.0,4939.0,5031.0,5028.0,5009.0,5029.0,USD,37945.0,91742.0,2024-03-13,CCH4,40 days
2024-02-05,739,4947.0,5106.0,4922.0,5104.0,5103.0,5074.0,5103.0,USD,39627.0,93933.0,2024-05-15,CCK4,100 days
2024-02-06,739,5106.0,5174.0,5030.0,5125.0,5122.0,5107.0,5125.0,USD,39327.0,96865.0,2024-05-15,CCK4,99 days
2024-02-07,739,5107.0,5275.0,5083.0,5265.0,5263.0,5241.0,5265.0,USD,58406.0,107787.0,2024-05-15,CCK4,98 days
2024-02-08,739,5303.0,5619.0,5278.0,5614.0,5611.0,5535.0,5611.0,USD,79064.0,107850.0,2024-05-15,CCK4,97 days
2024-02-09,739,5657.0,5798.0,5318.0,5600.0,5597.0,5599.0,5598.0,USD,77149.0,109141.0,2024-05-15,CCK4,96 days
2024-02-12,739,5574.0,5689.0,5507.0,5609.0,5598.0,5583.0,5599.0,USD,38478.0,110202.0,2024-05-15,CCK4,93 days
2024-02-13,739,5558.0,5715.0,5542.0,5650.0,5645.0,5652.0,5645.0,USD,34080.0,107508.0,2024-05-15,CCK4,92 days
2024-02-14,739,5651.0,5677.0,5519.0,5594.0,5593.0,5584.0,5593.0,USD,31298.0,108957.0,2024-05-15,CCK4,91 days
2024-02-15,739,5584.0,5651.0,5547.0,5605.0,5603.0,5605.0,5601.0,USD,24152.0,107775.0,2024-05-15,CCK4,90 days
2024-02-16,739,5587.0,5600.0,5329.0,5331.0,5330.0,5341.0,5330.0,USD,43677.0,108630.0,2024-05-15,CCK4,89 days
2024-02-20,739,5388.0,5741.0,5388.0,5672.0,5669.0,5629.0,5671.0,USD,39888.0,106912.0,2024-05-15,CCK4,85 days
2024-02-21,739,5712.0,5976.0,5673.0,5970.0,5967.0,5861.0,5968.0,USD,33310.0,105116.0,2024-05-15,CCK4,84 days
2024-02-22,739,5999.0,6020.0,5664.0,5953.0,5947.0,5860.0,5947.0,USD,35440.0,102742.0,2024-05-15,CCK4,83 days
2024-02-23,739,5880.0,6447.0,5816.0,6348.0,6342.0,6256.0,6347.0,USD,40451.0,100916.0,2024-05-15,CCK4,82 days
2024-02-26,739,6340.0,6648.0,6260.0,6515.0,6509.0,6557.0,6510.0,USD,40224.0,96558.0,2024-05-15,CCK4,79 days
2024-02-27,739,6511.0,6588.0,6369.0,6386.0,6381.0,6455.0,6385.0,USD,26249.0,94325.0,2024-05-15,CCK4,78 days
2024-02-28,739,6382.0,6431.0,5931.0,5985.0,5980.0,5994.0,5981.0,USD,28837.0,89326.0,2024-05-15,CCK4,77 days
2024-02-29,739,5981.0,6203.0,5910.0,6090.0,6086.0,6049.0,6088.0,USD,25642.0,87913.0,2024-05-15,CCK4,76 days
2024-03-01,739,6120.0,6358.0,6093.0,6302.0,6297.0,6327.0,6297.0,USD,24380.0,83375.0,2024-05-15,CCK4,75 days
2024-03-04,739,6457.0,6677.0,6350.0,6672.0,6668.0,6586.0,6666.0,USD,22320.0,80488.0,2024-05-15,CCK4,72 days
2024-03-05,739,6629.0,6655.0,6378.0,6432.0,6428.0,6450.0,6428.0,USD,25250.0,79634.0,2024-05-15,CCK4,71 days
2024-03-06,739,6450.0,6660.0,6306.0,6573.0,6568.0,6549.0,6572.0,USD,21282.0,79776.0,2024-05-15,CCK4,70 days
2024-03-07,739,6574.0,6592.0,6325.0,6480.0,6474.0,6452.0,6475.0,USD,22112.0,80519.0,2024-05-15,CCK4,69 days
2024-03-08,739,6425.0,6474.0,6290.0,6438.0,6434.0,6396.0,6438.0,USD,16158.0,80109.0,2024-05-15,CCK4,68 days
2024-03-11,739,6437.0,6779.0,6419.0,6757.0,6753.0,6728.0,6751.0,USD,18389.0,80300.0,2024-05-15,CCK4,65 days
2024-03-12,739,6765.0,7096.0,6663.0,7051.0,7043.0,7049.0,7051.0,USD,25437.0,79514.0,2024-05-15,CCK4,64 days
2024-03-13,739,7049.0,7221.0,6979.0,7037.0,7033.0,7035.0,7035.0,USD,20260.0,78322.0,2024-05-15,CCK4,63 days
2024-03-14,739,7185.0,7715.0,7063.0,7475.0,7461.0,7405.0,7473.0,USD,29410.0,78629.0,2024-05-15,CCK4,62 days
2024-03-15,739,7435.0,8186.0,7357.0,8145.0,8131.0,8018.0,8140.0,USD,25580.0,76315.0,2024-05-15,CCK4,61 days
2024-03-18,739,8179.0,8493.0,7824.0,8269.0,8256.0,8172.0,8258.0,USD,32655.0,72585.0,2024-05-15,CCK4,58 days
2024-03-19,739,8188.0,8412.0,7963.0,8082.0,8070.0,8027.0,8080.0,USD,19138.0,68248.0,2024-05-15,CCK4,57 days
2024-03-20,739,7920.0,8429.0,7716.0,8388.0,8386.0,8324.0,8388.0,USD,23723.0,65584.0,2024-05-15,CCK4,56 days
2024-03-21,739,8395.0,8653.0,8149.0,8436.0,8427.0,8559.0,8436.0,USD,21272.0,62047.0,2024-05-15,CCK4,55 days
2024-03-22,739,8573.0,8960.0,8465.0,8879.0,8874.0,8939.0,8872.0,USD,16403.0,60691.0,2024-05-15,CCK4,54 days
2024-03-25,739,8921.0,9684.0,8889.0,9668.0,9647.0,9649.0,9647.0,USD,19698.0,61714.0,2024-05-15,CCK4,51 days
2024-03-26,739,9847.0,10080.0,9574.0,9626.0,9623.0,9622.0,9624.0,USD,26263.0,62962.0,2024-05-15,CCK4,50 days
2024-03-27,739,9509.0,9917.0,9267.0,9900.0,9895.0,9843.0,9897.0,USD,23291.0,59360.0,2024-05-15,CCK4,49 days
2024-03-28,739,9906.0,10014.0,9671.0,9751.0,9740.0,9766.0,9741.0,USD,17953.0,54540.0,2024-05-15,CCK4,48 days
2024-04-01,739,9720.0,10318.0,9632.0,10300.0,10294.0,10120.0,10300.0,USD,11594.0,52292.0,2024-05-15,CCK4,44 days
2024-04-02,739,10186.0,10324.0,9808.0,9868.0,9856.0,9949.0,9855.0,USD,19824.0,50763.0,2024-05-15,CCK4,43 days
2024-04-03,739,9858.0,10044.0,9406.0,9436.0,9426.0,9524.0,9425.0,USD,23087.0,46110.0,2024-05-15,CCK4,42 days
2024-04-04,740,8950.0,9192.0,8702.0,9167.0,9151.0,9028.0,9160.0,USD,10897.0,46673.0,2024-07-16,CCN4,103 days
2024-04-05,740,9219.0,9484.0,9051.0,9468.0,9460.0,9312.0,9466.0,USD,12789.0,48049.0,2024-07-16,CCN4,102 days
2024-04-08,740,9490.0,9799.0,9250.0,9305.0,9287.0,9484.0,9286.0,USD,20933.0,50254.0,2024-07-16,CCN4,99 days
2024-04-09,740,9325.0,9643.0,9276.0,9542.0,9533.0,9594.0,9534.0,USD,16445.0,52993.0,2024-07-16,CCN4,98 days
2024-04-10,740,9652.0,10057.0,9514.0,9931.0,9911.0,9871.0,9932.0,USD,12195.0,53482.0,2024-07-16,CCN4,97 days
2024-04-11,740,9900.0,10156.0,9871.0,9938.0,9918.0,9891.0,9938.0,USD,19908.0,56240.0,2024-07-16,CCN4,96 days
2024-04-12,740,9909.0,10511.0,9900.0,10393.0,10376.0,10475.0,10377.0,USD,14059.0,57007.0,2024-07-16,CCN4,95 days
2024-04-15,740,10396.0,10760.0,10355.0,10550.0,10538.0,10559.0,10550.0,USD,13361.0,56743.0,2024-07-16,CCN4,92 days
2024-04-16,740,10650.0,10650.0,9603.0,9669.0,9656.0,9819.0,9657.0,USD,17708.0,55671.0,2024-07-16,CCN4,91 days
2024-04-17,740,9750.0,10297.0,9713.0,10150.0,10131.0,10066.0,10143.0,USD,14155.0,55629.0,2024-07-16,CCN4,90 days
2024-04-18,740,10466.0,11126.0,10277.0,11038.0,11021.0,11035.0,11020.0,USD,20015.0,55599.0,2024-07-16,CCN4,89 days
2024-04-19,740,11347.0,11722.0,10850.0,11681.0,11679.0,11461.0,11679.0,USD,21322.0,,2024-07-16,CCN4,88 days
2024-04-22,740,11500.0,11657.0,10889.0,10934.0,10922.0,11064.0,10929.0,USD,14995.0,53729.0,2024-07-16,CCN4,85 days
2024-04-23,740,11032.0,11054.0,10209.0,10617.0,10603.0,10444.0,10607.0,USD,16025.0,55953.0,2024-07-16,CCN4,84 days
2024-04-24,740,10728.0,11440.0,10638.0,11369.0,11346.0,11017.0,11348.0,USD,11774.0,57345.0,2024-07-16,CCN4,83 days
2024-04-25,740,11295.0,11375.0,10500.0,10809.0,10785.0,10804.0,10809.0,USD,9324.0,57078.0,2024-07-16,CCN4,82 days
2024-04-26,740,10779.0,11026.0,10520.0,10737.0,10721.0,10594.0,10722.0,USD,8209.0,57570.0,2024-07-16,CCN4,81 days
2024-04-29,740,10470.0,10470.0,8800.0,9134.0,9130.0,8931.0,9143.0,USD,25246.0,55855.0,2024-07-16,CCN4,78 days
2024-04-30,740,8665.0,9350.0,7756.0,9088.0,9071.0,9283.0,9069.0,USD,24973.0,54370.0,2024-07-16,CCN4,77 days
2024-05-01,740,9283.0,9487.0,7930.0,8000.0,7994.0,8284.0,7986.0,USD,19997.0,53482.0,2024-07-16,CCN4,76 days
2024-05-02,740,7796.0,8260.0,7264.0,7340.0,7334.0,7563.0,7340.0,USD,23064.0,51677.0,2024-07-16,CCN4,75 days
2024-05-03,740,7282.0,8218.0,6990.0,8021.0,8007.0,8145.0,8010.0,USD,21439.0,49899.0,2024-07-16,CCN4,74 days
2024-05-06,740,8026.0,8172.0,7522.0,7596.0,7582.0,7588.0,7596.0,USD,10373.0,48891.0,2024-07-16,CCN4,71 days
2024-05-07,740,7527.0,8688.0,7407.0,8612.0,8603.0,8610.0,8610.0,USD,14332.0,48274.0,2024-07-16,CCN4,70 days
2024-05-08,740,8951.0,9078.0,8434.0,8687.0,8681.0,8634.0,8686.0,USD,12995.0,47970.0,2024-07-16,CCN4,69 days
2024-05-09,740,8715.0,8942.0,8381.0,8725.0,8699.0,8695.0,8699.0,USD,8067.0,47586.0,2024-07-16,CCN4,68 days
2024-05-10,740,8739.0,8930.0,8482.0,8865.0,8830.0,8891.0,8872.0,USD,7881.0,47232.0,2024-07-16,CCN4,67 days
2024-05-13,740,8797.0,8832.0,7025.0,7148.0,7110.0,7166.0,7115.0,USD,17519.0,46952.0,2024-07-16,CCN4,64 days
2024-05-14,740,7151.0,7865.0,7151.0,7367.0,7347.0,7322.0,7339.0,USD,12277.0,46969.0,2024-07-16,CCN4,63 days
2024-05-15,740,7400.0,7915.0,7286.0,7794.0,7777.0,7843.0,7781.0,USD,8426.0,47192.0,2024-07-16,CCN4,62 days
2024-05-16,740,7896.0,7951.0,7202.0,7354.0,7334.0,7393.0,7334.0,USD,11580.0,46353.0,2024-07-16,CCN4,61 days
2024-05-17,740,7350.0,7685.0,7137.0,7293.0,7283.0,7348.0,7277.0,USD,7907.0,45766.0,2024-07-16,CCN4,60 days
2024-05-20,740,7277.0,7373.0,6767.0,7222.0,7210.0,7216.0,7209.0,USD,10261.0,45588.0,2024-07-16,CCN4,57 days
2024-05-21,740,7077.0,7492.0,6910.0,7334.0,7318.0,7394.0,7318.0,USD,7994.0,44883.0,2024-07-16,CCN4,56 days
2024-05-22,740,7372.0,7638.0,7273.0,7434.0,7417.0,7536.0,7417.0,USD,8462.0,43446.0,2024-07-16,CCN4,55 days
2024-05-23,740,7423.0,8400.0,7323.0,8256.0,8223.0,8109.0,8218.0,USD,14084.0,44057.0,2024-07-16,CCN4,54 days
2024-05-24,740,8219.0,8436.0,7869.0,8144.0,8123.0,8294.0,8144.0,USD,10974.0,43601.0,2024-07-16,CCN4,53 days
2024-05-28,740,8200.0,8800.0,7942.0,8624.0,8609.0,8780.0,8611.0,USD,15093.0,43933.0,2024-07-16,CCN4,49 days
2024-05-29,740,8730.0,9460.0,8690.0,9284.0,9263.0,9309.0,9285.0,USD,14757.0,44442.0,2024-07-16,CCN4,48 days
2024-05-30,740,9278.0,9550.0,9054.0,9229.0,9209.0,9257.0,9209.0,USD,9201.0,44337.0,2024-07-16,CCN4,47 days
2024-05-31,740,9242.0,9420.0,9031.0,9319.0,9302.0,9331.0,9300.0,USD,8033.0,44084.0,2024-07-16,CCN4,46 days
2024-06-03,740,9331.0,10047.0,9181.0,9469.0,9454.0,9775.0,9451.0,USD,17665.0,42055.0,2024-07-16,CCN4,43 days
2024-06-04,740,9446.0,9697.0,9162.0,9409.0,9400.0,9557.0,9400.0,USD,14149.0,41003.0,2024-07-16,CCN4,42 days
2024-06-05,740,9410.0,9642.0,9103.0,9638.0,9634.0,9408.0,9634.0,USD,12615.0,40785.0,2024-07-16,CCN4,41 days
2024-06-06,741,8792.0,9187.0,8778.0,9091.0,9060.0,9084.0,9069.0,USD,8513.0,41503.0,2024-09-13,CCU4,99 days
2024-06-07,741,9028.0,9267.0,8955.0,9189.0,9183.0,9163.0,9189.0,USD,9213.0,43531.0,2024-09-13,CCU4,98 days
2024-06-10,741,9126.0,9194.0,8633.0,8724.0,8706.0,8916.0,8726.0,USD,10892.0,43347.0,2024-09-13,CCU4,95 days
2024-06-11,741,8815.0,9363.0,8815.0,9326.0,9318.0,9254.0,9318.0,USD,14283.0,45796.0,2024-09-13,CCU4,94 days
2024-06-12,741,9504.0,9980.0,9285.0,9924.0,9900.0,9853.0,9903.0,USD,13488.0,48225.0,2024-09-13,CCU4,93 days
2024-06-13,741,9900.0,10308.0,9796.0,9884.0,9869.0,10110.0,9872.0,USD,14183.0,49899.0,2024-09-13,CCU4,92 days
2024-06-14,741,10100.0,10182.0,8955.0,9631.0,9620.0,9701.0,9629.0,USD,12960.0,50440.0,2024-09-13,CCU4,91 days
2024-06-17,741,9602.0,9796.0,8972.0,9244.0,9229.0,9151.0,9249.0,USD,12510.0,49945.0,2024-09-13,CCU4,88 days
2024-06-18,741,9107.0,9493.0,9013.0,9307.0,9281.0,9390.0,9278.0,USD,10723.0,49591.0,2024-09-13,CCU4,87 days
2024-06-20,741,9474.0,9542.0,8800.0,8815.0,8805.0,9055.0,8806.0,USD,11013.0,49600.0,2024-09-13,CCU4,85 days
2024-06-21,741,8775.0,9420.0,8512.0,8580.0,8571.0,8905.0,8575.0,USD,11397.0,50535.0,2024-09-13,CCU4,84 days
2024-06-24,741,8665.0,8885.0,7656.0,7896.0,7885.0,7920.0,7884.0,USD,17031.0,49332.0,2024-09-13,CCU4,81 days
2024-06-25,741,7950.0,7986.0,7054.0,7793.0,7774.0,7848.0,7773.0,USD,15671.0,49611.0,2024-09-13,CCU4,80 days
2024-06-26,741,7770.0,7967.0,7333.0,7795.0,7763.0,7790.0,7791.0,USD,8863.0,49525.0,2024-09-13,CCU4,79 days
2024-06-27,741,7782.0,7847.0,7132.0,7251.0,7240.0,7273.0,7239.0,USD,8175.0,49605.0,2024-09-13,CCU4,78 days
2024-06-28,741,7122.0,7775.0,7056.0,7535.0,7520.0,7731.0,7520.0,USD,9788.0,49640.0,2024-09-13,CCU4,77 days
2024-07-01,741,7444.0,7643.0,6961.0,7331.0,7323.0,7293.0,7323.0,USD,10787.0,49241.0,2024-09-13,CCU4,74 days
2024-07-02,741,7292.0,7820.0,7118.0,7736.0,7718.0,7788.0,7730.0,USD,8210.0,48764.0,2024-09-13,CCU4,73 days
2024-07-03,741,7720.0,8155.0,7641.0,7803.0,7779.0,7706.0,7803.0,USD,10409.0,48582.0,2024-09-13,CCU4,72 days
